day,profit,cycles
2022-01-01 00:00:00+01:00,1314.5063150258322,1.0000000011273156
