day,profit,cycles
2022-01-01 00:00:00+01:00,218.89366709757007,0.9273618495495703
